"Model","WT500 (760203)"
"Comment",""
"Version","1.31"
"Date","2026/04/10"
"Time","10:23:42"

"<Settings>"
"Wiring","NONE"
"Element","Element1","Element2","Element3"
"Module","1kV40A","1kV40A","1kV40A"
"Wiring","1P2W","1P2W","1P2W"
"Voltage Range","15V","15V","15V"
"Terminal","Direct","Direct","Direct"
"Current Range","   500mA","   500mA","   500mA"
"Sensor Ratio","10.0000","10.0000","10.0000"
"Line Filter","Off","Off","Off"
"Frequency Filter","Off","Off","Off"
"Scaling","On"
"Vt Ratio","1.0000","1.0000","1.0000"
"Ct Ratio","1.0000","1.0000","1.0000"
"Scaling Factor","1.0000","1.0000","1.0000"
"Sync Source","U1","U1","U1"
"Average","Off"
"F1","Off"
"F2","Off"
"F3","Off"
"F4","Off"
"F5","Off"
"F6","Off"
"F7","Off"
"F8","Off"
"S,Q Formula","Type 1"
"Phase Angle","180 degree"
"Max Hold","Off"
"Null","Off"
"Measurement Mode","Normal Mode"
"Update Rate","100ms"
"Crest Factor","3"
"Delta Measure Mode","RMS"

"<Settings (Harmonics)>"
"PLL Source","U3"
"Order","1 To 50"
"THD Formula","Total"

"Store No.","Date","Time","Urms-E1","Umn-E1","Urmn-E1","Udc-E1","Uac-E1","Irms-E1","Imn-E1","Irmn-E1","Idc-E1","Iac-E1","P-E1","S-E1","Q-E1","PF-E1","DEG-E1","FU-E1","FI-E1","U+pk-E1","U-pk-E1","I+pk-E1","I-pk-E1","CfU-E1","CfI-E1","Time-E1","Wp-E1","Wp+-E1","Wp--E1","q-E1","q+-E1","q--E1","WS-E1","WQ-E1","Urms-E2","Umn-E2","Urmn-E2","Udc-E2","Uac-E2","Irms-E2","Imn-E2","Irmn-E2","Idc-E2","Iac-E2","P-E2","S-E2","Q-E2","PF-E2","DEG-E2","FU-E2","FI-E2","U+pk-E2","U-pk-E2","I+pk-E2","I-pk-E2","CfU-E2","CfI-E2","Time-E2","Wp-E2","Wp+-E2","Wp--E2","q-E2","q+-E2","q--E2","WS-E2","WQ-E2","eta1","eta2"
    1,  2026/04/10,10:23:03,0.000E+00,0.000E+00,0.000E+00,2.4217E-03,0.000E+00,0.00E-03,0.00E-03,0.00E-03,-224.44E-06,0.00E-03,-616.80E-09,0.0000E+00,0.0000E+00,Error,Error,Error,NAN,81.087E-03,-76.476E-03,6.1597E-03,-5.6747E-03,Error,Error,NAN,NAN,NAN,NAN,NAN,NAN,NAN,NAN,NAN,0.000E+00,0.000E+00,0.000E+00,-5.6554E-03,0.000E+00,0.00E-03,0.00E-03,0.00E-03,-188.62E-06,0.00E-03,1.7206E-06,0.0000E+00,0.0000E+00,Error,Error,Error,NAN,54.788E-03,-64.389E-03,5.7671E-03,-6.1738E-03,Error,Error,NAN,NAN,NAN,NAN,NAN,NAN,NAN,NAN,NAN,NAN,NAN
    2,  2026/04/10,10:23:05,0.000E+00,0.000E+00,0.000E+00,2.7575E-03,0.000E+00,0.00E-03,0.00E-03,0.00E-03,-172.97E-06,0.00E-03,580.93E-09,0.0000E+00,0.0000E+00,Error,Error,Error,NAN,89.045E-03,-81.250E-03,5.8042E-03,-7.5032E-03,Error,Error,NAN,NAN,NAN,NAN,NAN,NAN,NAN,NAN,NAN,0.000E+00,0.000E+00,0.000E+00,-5.7087E-03,0.000E+00,0.00E-03,0.00E-03,0.00E-03,-162.76E-06,0.00E-03,655.60E-09,0.0000E+00,0.0000E+00,Error,Error,Error,NAN,51.610E-03,-62.800E-03,5.9704E-03,-5.9198E-03,Error,Error,NAN,NAN,NAN,NAN,NAN,NAN,NAN,NAN,NAN,NAN,NAN
    3,  2026/04/10,10:23:07,0.000E+00,0.000E+00,0.000E+00,3.0127E-03,0.000E+00,0.00E-03,0.00E-03,0.00E-03,-202.11E-06,0.00E-03,385.14E-09,0.0000E+00,0.0000E+00,Error,Error,Error,NAN,85.862E-03,-74.884E-03,5.9565E-03,-6.1826E-03,Error,Error,NAN,NAN,NAN,NAN,NAN,NAN,NAN,NAN,NAN,0.000E+00,0.000E+00,0.000E+00,-5.8917E-03,0.000E+00,0.00E-03,0.00E-03,0.00E-03,-111.02E-06,0.00E-03,648.51E-09,0.0000E+00,0.0000E+00,Error,Error,Error,NAN,51.610E-03,-67.567E-03,5.2082E-03,-6.6819E-03,Error,Error,NAN,NAN,NAN,NAN,NAN,NAN,NAN,NAN,NAN,NAN,NAN
    4,  2026/04/10,10:23:09,0.000E+00,0.000E+00,0.000E+00,2.4342E-03,0.000E+00,0.00E-03,0.00E-03,0.00E-03,-159.47E-06,0.00E-03,-39.443E-09,0.0000E+00,0.0000E+00,Error,Error,Error,NAN,84.270E-03,-98.757E-03,7.3279E-03,-7.1985E-03,Error,Error,NAN,NAN,NAN,NAN,NAN,NAN,NAN,NAN,NAN,0.000E+00,0.000E+00,0.000E+00,-5.6945E-03,0.000E+00,0.00E-03,0.00E-03,0.00E-03,-91.228E-06,0.00E-03,525.89E-09,0.0000E+00,0.0000E+00,Error,Error,Error,NAN,51.610E-03,-62.800E-03,6.0720E-03,-6.4279E-03,Error,Error,NAN,NAN,NAN,NAN,NAN,NAN,NAN,NAN,NAN,NAN,NAN
    5,  2026/04/10,10:23:11,0.000E+00,0.000E+00,0.000E+00,2.7864E-03,0.000E+00,0.00E-03,0.00E-03,0.00E-03,-223.98E-06,0.00E-03,369.43E-09,0.0000E+00,0.0000E+00,Error,Error,Error,NAN,85.862E-03,-81.250E-03,5.7534E-03,-7.7572E-03,Error,Error,NAN,NAN,NAN,NAN,NAN,NAN,NAN,NAN,NAN,0.000E+00,0.000E+00,0.000E+00,-5.6283E-03,0.000E+00,0.00E-03,0.00E-03,0.00E-03,-157.03E-06,0.00E-03,950.65E-09,0.0000E+00,0.0000E+00,Error,Error,Error,NAN,54.788E-03,-58.033E-03,5.5639E-03,-6.2754E-03,Error,Error,NAN,NAN,NAN,NAN,NAN,NAN,NAN,NAN,NAN,NAN,NAN
    6,  2026/04/10,10:23:13,0.000E+00,0.000E+00,0.000E+00,2.6848E-03,0.000E+00,0.00E-03,0.00E-03,0.00E-03,-207.07E-06,0.00E-03,105.56E-09,0.0000E+00,0.0000E+00,Error,Error,Error,NAN,84.270E-03,-78.067E-03,7.2263E-03,-6.7921E-03,Error,Error,NAN,NAN,NAN,NAN,NAN,NAN,NAN,NAN,NAN,0.000E+00,0.000E+00,0.000E+00,-5.9558E-03,0.000E+00,0.00E-03,0.00E-03,0.00E-03,-154.49E-06,0.00E-03,1.1210E-06,0.0000E+00,0.0000E+00,Error,Error,Error,NAN,50.021E-03,-62.800E-03,6.1228E-03,-5.7673E-03,Error,Error,NAN,NAN,NAN,NAN,NAN,NAN,NAN,NAN,NAN,NAN,NAN
    7,  2026/04/10,10:23:15,0.000E+00,0.000E+00,0.000E+00,2.7164E-03,0.000E+00,0.00E-03,0.00E-03,0.00E-03,-139.63E-06,0.00E-03,-240.61E-09,0.0000E+00,0.0000E+00,Error,Error,Error,NAN,79.496E-03,-76.476E-03,6.3629E-03,-6.3858E-03,Error,Error,NAN,NAN,NAN,NAN,NAN,NAN,NAN,NAN,NAN,0.000E+00,0.000E+00,0.000E+00,-5.7982E-03,0.000E+00,0.00E-03,0.00E-03,0.00E-03,-112.67E-06,0.00E-03,538.80E-09,0.0000E+00,0.0000E+00,Error,Error,Error,NAN,50.021E-03,-69.156E-03,5.5639E-03,-7.2917E-03,Error,Error,NAN,NAN,NAN,NAN,NAN,NAN,NAN,NAN,NAN,NAN,NAN
    8,  2026/04/10,10:23:17,0.000E+00,0.000E+00,0.000E+00,2.5501E-03,0.000E+00,0.00E-03,0.00E-03,0.00E-03,-129.13E-06,0.00E-03,-521.75E-09,0.0000E+00,0.0000E+00,Error,Error,Error,NAN,81.087E-03,-82.842E-03,6.7692E-03,-6.6397E-03,Error,Error,NAN,NAN,NAN,NAN,NAN,NAN,NAN,NAN,NAN,0.000E+00,0.000E+00,0.000E+00,-6.3858E-03,0.000E+00,0.00E-03,0.00E-03,0.00E-03,-140.04E-06,0.00E-03,1.0365E-06,0.0000E+00,0.0000E+00,Error,Error,Error,NAN,50.021E-03,-62.800E-03,6.1736E-03,-6.0722E-03,Error,Error,NAN,NAN,NAN,NAN,NAN,NAN,NAN,NAN,NAN,NAN,NAN
    9,  2026/04/10,10:23:19,0.000E+00,0.000E+00,0.000E+00,3.0969E-03,0.000E+00,0.00E-03,0.00E-03,0.00E-03,-162.26E-06,0.00E-03,465.65E-09,0.0000E+00,0.0000E+00,Error,Error,Error,NAN,77.904E-03,-81.250E-03,6.7692E-03,-6.0303E-03,Error,Error,NAN,NAN,NAN,NAN,NAN,NAN,NAN,NAN,NAN,0.000E+00,0.000E+00,0.000E+00,-6.2502E-03,0.000E+00,0.00E-03,0.00E-03,0.00E-03,-102.64E-06,0.00E-03,375.66E-09,0.0000E+00,0.0000E+00,Error,Error,Error,NAN,51.610E-03,-56.444E-03,7.1899E-03,-6.2754E-03,Error,Error,NAN,NAN,NAN,NAN,NAN,NAN,NAN,NAN,NAN,NAN,NAN
   10,  2026/04/10,10:23:21,0.000E+00,0.000E+00,0.000E+00,3.0253E-03,0.000E+00,0.00E-03,0.00E-03,0.00E-03,-124.67E-06,0.00E-03,894.45E-09,0.0000E+00,0.0000E+00,Error,Error,Error,NAN,92.228E-03,-95.574E-03,5.6010E-03,-7.4016E-03,Error,Error,NAN,NAN,NAN,NAN,NAN,NAN,NAN,NAN,NAN,0.000E+00,0.000E+00,0.000E+00,-6.1482E-03,0.000E+00,0.00E-03,0.00E-03,0.00E-03,-119.25E-06,0.00E-03,1.0594E-06,0.0000E+00,0.0000E+00,Error,Error,Error,NAN,56.377E-03,-75.512E-03,6.3769E-03,-6.4787E-03,Error,Error,NAN,NAN,NAN,NAN,NAN,NAN,NAN,NAN,NAN,NAN,NAN
   11,  2026/04/10,10:23:23,0.000E+00,0.000E+00,0.000E+00,2.7841E-03,0.000E+00,0.00E-03,0.00E-03,0.00E-03,-91.971E-06,0.00E-03,-133.23E-09,0.0000E+00,0.0000E+00,Error,Error,Error,NAN,81.087E-03,-71.701E-03,6.4137E-03,-6.0303E-03,Error,Error,NAN,NAN,NAN,NAN,NAN,NAN,NAN,NAN,NAN,0.000E+00,0.000E+00,0.000E+00,-6.5124E-03,0.000E+00,0.00E-03,0.00E-03,0.00E-03,-145.20E-06,0.00E-03,1.1672E-06,0.0000E+00,0.0000E+00,Error,Error,Error,NAN,54.788E-03,-64.389E-03,6.6309E-03,-6.3263E-03,Error,Error,NAN,NAN,NAN,NAN,NAN,NAN,NAN,NAN,NAN,NAN,NAN
   12,  2026/04/10,10:23:25,0.000E+00,0.000E+00,0.000E+00,3.1771E-03,0.000E+00,0.00E-03,0.00E-03,0.00E-03,-137.97E-06,0.00E-03,-74.084E-09,0.0000E+00,0.0000E+00,Error,Error,Error,NAN,82.679E-03,-79.659E-03,6.4137E-03,-6.3858E-03,Error,Error,NAN,NAN,NAN,NAN,NAN,NAN,NAN,NAN,NAN,0.000E+00,0.000E+00,0.000E+00,-6.1941E-03,0.000E+00,0.00E-03,0.00E-03,0.00E-03,-103.82E-06,0.00E-03,892.10E-09,0.0000E+00,0.0000E+00,Error,Error,Error,NAN,53.199E-03,-65.978E-03,6.2752E-03,-6.0214E-03,Error,Error,NAN,NAN,NAN,NAN,NAN,NAN,NAN,NAN,NAN,NAN,NAN
   13,  2026/04/10,10:23:27,0.000E+00,0.000E+00,0.000E+00,2.6756E-03,0.000E+00,0.00E-03,0.00E-03,0.00E-03,-132.45E-06,0.00E-03,276.53E-09,0.0000E+00,0.0000E+00,Error,Error,Error,NAN,87.454E-03,-71.701E-03,5.7534E-03,-6.2842E-03,Error,Error,NAN,NAN,NAN,NAN,NAN,NAN,NAN,NAN,NAN,0.000E+00,0.000E+00,0.000E+00,-6.0784E-03,0.000E+00,0.00E-03,0.00E-03,0.00E-03,-123.21E-06,0.00E-03,1.0512E-06,0.0000E+00,0.0000E+00,Error,Error,Error,NAN,50.021E-03,-61.211E-03,6.6817E-03,-5.8689E-03,Error,Error,NAN,NAN,NAN,NAN,NAN,NAN,NAN,NAN,NAN,NAN,NAN
   14,  2026/04/10,10:23:29,0.000E+00,0.000E+00,0.000E+00,2.7935E-03,0.000E+00,0.00E-03,0.00E-03,0.00E-03,-153.97E-06,0.00E-03,62.150E-09,0.0000E+00,0.0000E+00,Error,Error,Error,NAN,79.496E-03,-82.842E-03,7.3279E-03,-6.0303E-03,Error,Error,NAN,NAN,NAN,NAN,NAN,NAN,NAN,NAN,NAN,0.000E+00,0.000E+00,0.000E+00,-6.2183E-03,0.000E+00,0.00E-03,0.00E-03,0.00E-03,-90.913E-06,0.00E-03,824.02E-09,0.0000E+00,0.0000E+00,Error,Error,Error,NAN,50.021E-03,-64.389E-03,6.5801E-03,-7.0884E-03,Error,Error,NAN,NAN,NAN,NAN,NAN,NAN,NAN,NAN,NAN,NAN,NAN
   15,  2026/04/10,10:23:31,0.000E+00,0.000E+00,0.000E+00,3.0922E-03,0.000E+00,0.00E-03,0.00E-03,0.00E-03,-195.45E-06,0.00E-03,783.37E-09,0.0000E+00,0.0000E+00,Error,Error,Error,NAN,81.087E-03,-74.884E-03,6.3121E-03,-6.2842E-03,Error,Error,NAN,NAN,NAN,NAN,NAN,NAN,NAN,NAN,NAN,0.000E+00,0.000E+00,0.000E+00,-6.5862E-03,0.000E+00,0.00E-03,0.00E-03,0.00E-03,-125.22E-06,0.00E-03,973.78E-09,0.0000E+00,0.0000E+00,Error,Error,Error,NAN,50.021E-03,-64.389E-03,6.4785E-03,-6.2246E-03,Error,Error,NAN,NAN,NAN,NAN,NAN,NAN,NAN,NAN,NAN,NAN,NAN
   16,  2026/04/10,10:23:33,0.000E+00,0.000E+00,0.000E+00,3.0106E-03,0.000E+00,0.00E-03,0.00E-03,0.00E-03,-159.30E-06,0.00E-03,-107.55E-09,0.0000E+00,0.0000E+00,Error,Error,Error,NAN,79.496E-03,-76.476E-03,6.0073E-03,-6.9953E-03,Error,Error,NAN,NAN,NAN,NAN,NAN,NAN,NAN,NAN,NAN,0.000E+00,0.000E+00,0.000E+00,-6.6758E-03,0.000E+00,0.00E-03,0.00E-03,0.00E-03,-86.102E-06,0.00E-03,580.56E-09,0.0000E+00,0.0000E+00,Error,Error,Error,NAN,54.788E-03,-62.800E-03,6.1736E-03,-6.4787E-03,Error,Error,NAN,NAN,NAN,NAN,NAN,NAN,NAN,NAN,NAN,NAN,NAN
   17,  2026/04/10,10:23:35,0.000E+00,0.000E+00,0.000E+00,3.3936E-03,0.000E+00,0.00E-03,0.00E-03,0.00E-03,-155.09E-06,0.00E-03,628.22E-09,0.0000E+00,0.0000E+00,Error,Error,Error,NAN,76.313E-03,-74.884E-03,5.7534E-03,-6.8429E-03,Error,Error,NAN,NAN,NAN,NAN,NAN,NAN,NAN,NAN,NAN,0.000E+00,0.000E+00,0.000E+00,-6.4990E-03,0.000E+00,0.00E-03,0.00E-03,0.00E-03,-98.362E-06,0.00E-03,487.16E-09,0.0000E+00,0.0000E+00,Error,Error,Error,NAN,50.021E-03,-65.978E-03,6.2752E-03,-6.2246E-03,Error,Error,NAN,NAN,NAN,NAN,NAN,NAN,NAN,NAN,NAN,NAN,NAN
   18,  2026/04/10,10:23:37,0.000E+00,0.000E+00,0.000E+00,3.0826E-03,0.000E+00,0.00E-03,0.00E-03,0.00E-03,-157.82E-06,0.00E-03,-44.740E-09,0.0000E+00,0.0000E+00,Error,Error,Error,NAN,85.862E-03,-86.025E-03,6.2105E-03,-6.9953E-03,Error,Error,NAN,NAN,NAN,NAN,NAN,NAN,NAN,NAN,NAN,0.000E+00,0.000E+00,0.000E+00,-6.4686E-03,0.000E+00,0.00E-03,0.00E-03,0.00E-03,-205.06E-06,0.00E-03,1.5299E-06,0.0000E+00,0.0000E+00,Error,Error,Error,NAN,53.199E-03,-73.923E-03,5.3098E-03,-7.1901E-03,Error,Error,NAN,NAN,NAN,NAN,NAN,NAN,NAN,NAN,NAN,NAN,NAN
   19,  2026/04/10,10:23:39,0.000E+00,0.000E+00,0.000E+00,3.3593E-03,0.000E+00,0.00E-03,0.00E-03,0.00E-03,-149.39E-06,0.00E-03,-202.31E-09,0.0000E+00,0.0000E+00,Error,Error,Error,NAN,92.228E-03,-79.659E-03,5.4994E-03,-6.3858E-03,Error,Error,NAN,NAN,NAN,NAN,NAN,NAN,NAN,NAN,NAN,0.000E+00,0.000E+00,0.000E+00,-6.3277E-03,0.000E+00,0.00E-03,0.00E-03,0.00E-03,-155.50E-06,0.00E-03,1.2184E-06,0.0000E+00,0.0000E+00,Error,Error,Error,NAN,48.432E-03,-61.211E-03,7.0374E-03,-6.1738E-03,Error,Error,NAN,NAN,NAN,NAN,NAN,NAN,NAN,NAN,NAN,NAN,NAN